Index,Code,Title,Grade,Type,Category_cn,Category_us
1,PPoPP,ACM SIGPLAN Symposium on Principles & Practice of Parallel Programming,A,conference,计算机体系结构/并行与分布计算/存储系统,Computer Architecture/Parallel and Distributed Computing/Storage Systems
2,FAST,Conference on File and Storage Technologies,A,conference,计算机体系结构/并行与分布计算/存储系统,Computer Architecture/Parallel and Distributed Computing/Storage Systems
3,DAC,Design Automation Conference,A,conference,计算机体系结构/并行与分布计算/存储系统,Computer Architecture/Parallel and Distributed Computing/Storage Systems
4,HPCA,High Performance Computer Architecture,A,conference,计算机体系结构/并行与分布计算/存储系统,Computer Architecture/Parallel and Distributed Computing/Storage Systems
5,MICRO,IEEE/ACM International Symposium on Microarchitecture,A,conference,计算机体系结构/并行与分布计算/存储系统,Computer Architecture/Parallel and Distributed Computing/Storage Systems
6,SC,"International Conference for High Performance Computing, Networking, Storage, and Analysis",A,conference,计算机体系结构/并行与分布计算/存储系统,Computer Architecture/Parallel and Distributed Computing/Storage Systems
7,ASPLOS,International Conference on Architectural Support for Programming Languages and Operating Systems,A,conference,计算机体系结构/并行与分布计算/存储系统,Computer Architecture/Parallel and Distributed Computing/Storage Systems
8,ISCA,International Symposium on Computer Architecture,A,conference,计算机体系结构/并行与分布计算/存储系统,Computer Architecture/Parallel and Distributed Computing/Storage Systems
9,USENIX ATC,USENIX Annul Technical Conference,A,conference,计算机体系结构/并行与分布计算/存储系统,Computer Architecture/Parallel and Distributed Computing/Storage Systems
10,EuroSys,European Conference on Computer Systems,A,conference,计算机体系结构/并行与分布计算/存储系统,Computer Architecture/Parallel and Distributed Computing/Storage Systems
1,SoCC,ACM Symposium on Cloud Computing,B,conference,计算机体系结构/并行与分布计算/存储系统,Computer Architecture/Parallel and Distributed Computing/Storage Systems
2,SPAA,ACM Symposium on Parallelism in Algorithms and Architectures,B,conference,计算机体系结构/并行与分布计算/存储系统,Computer Architecture/Parallel and Distributed Computing/Storage Systems
3,PODC,ACM Symposium on Principles of Distributed Computing,B,conference,计算机体系结构/并行与分布计算/存储系统,Computer Architecture/Parallel and Distributed Computing/Storage Systems
4,FPGA,ACM/SIGDA International Symposium on Field-Programmable Gate Arrays,B,conference,计算机体系结构/并行与分布计算/存储系统,Computer Architecture/Parallel and Distributed Computing/Storage Systems
5,CGO,Code Generation and Optimization,B,conference,计算机体系结构/并行与分布计算/存储系统,Computer Architecture/Parallel and Distributed Computing/Storage Systems
6,DATE,"Design, Automation & Test in Europe",B,conference,计算机体系结构/并行与分布计算/存储系统,Computer Architecture/Parallel and Distributed Computing/Storage Systems
7,HOT CHIPS,Hot Chips: A Symposium on High Performance Chips,B,conference,计算机体系结构/并行与分布计算/存储系统,Computer Architecture/Parallel and Distributed Computing/Storage Systems
8,CLUSTER,IEEE International Conference on Cluster Computing,B,conference,计算机体系结构/并行与分布计算/存储系统,Computer Architecture/Parallel and Distributed Computing/Storage Systems
9,ICCD,International Conference on Computer Design,B,conference,计算机体系结构/并行与分布计算/存储系统,Computer Architecture/Parallel and Distributed Computing/Storage Systems
10,ICCAD,International Conference on Computer-Aided Design,B,conference,计算机体系结构/并行与分布计算/存储系统,Computer Architecture/Parallel and Distributed Computing/Storage Systems
11,ICDCS,International Conference on Distributed Computing Systems,B,conference,计算机体系结构/并行与分布计算/存储系统,Computer Architecture/Parallel and Distributed Computing/Storage Systems
12,CODES+ISSS,International Conference on Hardware/Software Co-design and System Synthesis,B,conference,计算机体系结构/并行与分布计算/存储系统,Computer Architecture/Parallel and Distributed Computing/Storage Systems
13,HiPEAC,International Conference on High Performance and Embedded Architectures and Compilers,B,conference,计算机体系结构/并行与分布计算/存储系统,Computer Architecture/Parallel and Distributed Computing/Storage Systems
14,SIGMETRICS,International Conference on Measurement and Modeling of Computer Systems,B,conference,计算机体系结构/并行与分布计算/存储系统,Computer Architecture/Parallel and Distributed Computing/Storage Systems
15,PACT,International Conference on Parallel Architectures and Compilation Techniques,B,conference,计算机体系结构/并行与分布计算/存储系统,Computer Architecture/Parallel and Distributed Computing/Storage Systems
16,ICPP,International Conference on Parallel Processing,B,conference,计算机体系结构/并行与分布计算/存储系统,Computer Architecture/Parallel and Distributed Computing/Storage Systems
17,ICS,International Conference on Supercomputing,B,conference,计算机体系结构/并行与分布计算/存储系统,Computer Architecture/Parallel and Distributed Computing/Storage Systems
18,VEE,International Conference on Virtual Execution Environments,B,conference,计算机体系结构/并行与分布计算/存储系统,Computer Architecture/Parallel and Distributed Computing/Storage Systems
19,IPDPS,International Parallel & Distributed Processing Symposium,B,conference,计算机体系结构/并行与分布计算/存储系统,Computer Architecture/Parallel and Distributed Computing/Storage Systems
20,Performance,"International Symposium on Computer Performance Modeling, Measurements and Evaluation",B,conference,计算机体系结构/并行与分布计算/存储系统,Computer Architecture/Parallel and Distributed Computing/Storage Systems
21,HPDC,International Symposium on High Performance Distributed Computing,B,conference,计算机体系结构/并行与分布计算/存储系统,Computer Architecture/Parallel and Distributed Computing/Storage Systems
22,ITC,International Test Conference,B,conference,计算机体系结构/并行与分布计算/存储系统,Computer Architecture/Parallel and Distributed Computing/Storage Systems
23,LISA,Large Installation System Administration Conference,B,conference,计算机体系结构/并行与分布计算/存储系统,Computer Architecture/Parallel and Distributed Computing/Storage Systems
24,MSST,Mass Storage Systems and Technologies,B,conference,计算机体系结构/并行与分布计算/存储系统,Computer Architecture/Parallel and Distributed Computing/Storage Systems
25,RTAS,Real-Time and Embedded Technology and Applications Symposium,B,conference,计算机体系结构/并行与分布计算/存储系统,Computer Architecture/Parallel and Distributed Computing/Storage Systems
26,Euro-Par,European Conference on Parallel and Distributed Computing,B,conference,计算机体系结构/并行与分布计算/存储系统,Computer Architecture/Parallel and Distributed Computing/Storage Systems
1,CF,ACM International Conference on Computing Frontiers,C,conference,计算机体系结构/并行与分布计算/存储系统,Computer Architecture/Parallel and Distributed Computing/Storage Systems
2,SYSTOR,ACM International Systems and Storage Conference,C,conference,计算机体系结构/并行与分布计算/存储系统,Computer Architecture/Parallel and Distributed Computing/Storage Systems
3,NOCS,ACM/IEEE International Symposium on Networks-on-Chip,C,conference,计算机体系结构/并行与分布计算/存储系统,Computer Architecture/Parallel and Distributed Computing/Storage Systems
4,ASAP,"Application-Specific Systems, Architectures, and Processors",C,conference,计算机体系结构/并行与分布计算/存储系统,Computer Architecture/Parallel and Distributed Computing/Storage Systems
5,ASP-DAC,Asia and South Pacific Design Automation Conference,C,conference,计算机体系结构/并行与分布计算/存储系统,Computer Architecture/Parallel and Distributed Computing/Storage Systems
6,ETS,European Test Symposium,C,conference,计算机体系结构/并行与分布计算/存储系统,Computer Architecture/Parallel and Distributed Computing/Storage Systems
7,FPL,Field Programmable Logic and Applications,C,conference,计算机体系结构/并行与分布计算/存储系统,Computer Architecture/Parallel and Distributed Computing/Storage Systems
8,FCCM,Field-Programmable Custom Computing Machines,C,conference,计算机体系结构/并行与分布计算/存储系统,Computer Architecture/Parallel and Distributed Computing/Storage Systems
9,GLSVLSI,Great Lakes Symposium on VLSI,C,conference,计算机体系结构/并行与分布计算/存储系统,Computer Architecture/Parallel and Distributed Computing/Storage Systems
10,ATS,IEEE Asian Test Symposium,C,conference,计算机体系结构/并行与分布计算/存储系统,Computer Architecture/Parallel and Distributed Computing/Storage Systems
11,HPCC,IEEE International Conference on High Performance Computing and Communications,C,conference,计算机体系结构/并行与分布计算/存储系统,Computer Architecture/Parallel and Distributed Computing/Storage Systems
12,HiPC,"IEEE International Conference on High Performance Computing, Data and Analytics",C,conference,计算机体系结构/并行与分布计算/存储系统,Computer Architecture/Parallel and Distributed Computing/Storage Systems
13,MASCOTS,"IEEE International Symposium on Modeling, Analysis, and Simulation of Computer and Telecommunication Systems",C,conference,计算机体系结构/并行与分布计算/存储系统,Computer Architecture/Parallel and Distributed Computing/Storage Systems
14,ISPA,IEEE International Symposium on Parallel and Distributed Processing with Applications,C,conference,计算机体系结构/并行与分布计算/存储系统,Computer Architecture/Parallel and Distributed Computing/Storage Systems
15,CCGRID,"IEEE/ACM International Symposium on Cluster, Cloud and Grid Computing",C,conference,计算机体系结构/并行与分布计算/存储系统,Computer Architecture/Parallel and Distributed Computing/Storage Systems
16,NPC,IFIP International Conference on Network and Parallel Computing,C,conference,计算机体系结构/并行与分布计算/存储系统,Computer Architecture/Parallel and Distributed Computing/Storage Systems
17,ICA3PP,International Conference on Algorithms and Architectures for Parallel Processing,C,conference,计算机体系结构/并行与分布计算/存储系统,Computer Architecture/Parallel and Distributed Computing/Storage Systems
18,CASES,"International Conference on Compilers, Architectures, and Synthesis for Embedded Systems",C,conference,计算机体系结构/并行与分布计算/存储系统,Computer Architecture/Parallel and Distributed Computing/Storage Systems
18,FPT,International Conference on Field-Programmable Technology,C,conference,计算机体系结构/并行与分布计算/存储系统,Computer Architecture/Parallel and Distributed Computing/Storage Systems
20,ICPADS,International Conference on Parallel and Distributed Systems,C,conference,计算机体系结构/并行与分布计算/存储系统,Computer Architecture/Parallel and Distributed Computing/Storage Systems
21,ISCAS,International Symposium on Circuits and Systems,C,conference,计算机体系结构/并行与分布计算/存储系统,Computer Architecture/Parallel and Distributed Computing/Storage Systems
22,ISLPED,International Symposium on Low Power Electronics and Design,C,conference,计算机体系结构/并行与分布计算/存储系统,Computer Architecture/Parallel and Distributed Computing/Storage Systems
23,ISPD,International Symposium on Physical Design,C,conference,计算机体系结构/并行与分布计算/存储系统,Computer Architecture/Parallel and Distributed Computing/Storage Systems
24,HotI,Symposium on High-Performance Interconnects,C,conference,计算机体系结构/并行与分布计算/存储系统,Computer Architecture/Parallel and Distributed Computing/Storage Systems
25,VTS,VLSI Test Symposium,C,conference,计算机体系结构/并行与分布计算/存储系统,Computer Architecture/Parallel and Distributed Computing/Storage Systems
26,ITC-Asia,International Test Conference in Asia,C,conference,计算机体系结构/并行与分布计算/存储系统,Computer Architecture/Parallel and Distributed Computing/Storage Systems
1,SIGCOMM,"ACM International Conference on Applications, Technologies, Architectures, and Protocols for Computer Communication",A,conference,计算机网络,computer network
2,MobiCom,ACM International Conference on Mobile Computing and Networking,A,conference,计算机网络,computer network
3,INFOCOM,IEEE International Conference on Computer Communications,A,conference,计算机网络,computer network
4,NSDI,Symposium on Network System Design and Implementation,A,conference,计算机网络,computer network
1,SenSys,ACM Conference on Embedded Networked Sensor Systems,B,conference,计算机网络,computer network
2,CoNEXT,ACM International Conference on Emerging Networking Experiments and Technologies,B,conference,计算机网络,computer network
3,SECON,IEEE Communications Society Conference on Sensor and Ad Hoc Communications and Networks,B,conference,计算机网络,computer network
4,IPSN,International Conference on Information Processing in Sensor Networks,B,conference,计算机网络,computer network
5,MobiSys,"International Conference on Mobile Systems, Applications, and Services",B,conference,计算机网络,computer network
6,ICNP,International Conference on Network Protocols,B,conference,计算机网络,computer network
7,MobiHoc,International Symposium on Mobile Ad Hoc Networking and Computing,B,conference,计算机网络,computer network
8,NOSSDAV,International Workshop on Network and Operating System Support for Digital Audio and Video,B,conference,计算机网络,computer network
9,IWQoS,International Workshop on Quality of Service,B,conference,计算机网络,computer network
10,IMC,Internet Measurement Conference,B,conference,计算机网络,computer network
1,ANCS,Architectures for Networking and Communications Systems,C,conference,计算机网络,computer network
2,APNOMS,Asia-Pacific Network Operations and Management Symposium,C,conference,计算机网络,computer network
3,FORTE,Formal Techniques for Networked and Distributed Systems,C,conference,计算机网络,computer network
4,LCN,IEEE Conference on Local Computer Networks,C,conference,计算机网络,computer network
5,GLOBECO M,IEEE Global Communications Conference,C,conference,计算机网络,computer network
6,ICC,IEEE International Conference on Communications,C,conference,计算机网络,computer network
7,ICCCN,IEEE International Conference on Computer Communications and Networks,C,conference,计算机网络,computer network
8,MASS,IEEE International Conference on Mobile Ad-hoc and Sensor Systems,C,conference,计算机网络,computer network
9,P2P,IEEE International Conference on Peer-to-Peer Computing,C,conference,计算机网络,computer network
10,IPCCC,IEEE International Performance Computing and Communications Conference,C,conference,计算机网络,computer network
11,WoWMoM,"IEEE International Symposium on a World of Wireless, Mobile and Multimedia Networks",C,conference,计算机网络,computer network
12,ISCC,IEEE Symposium on Computers and Communications,C,conference,计算机网络,computer network
13,WCNC,IEEE Wireless Communications & Networking Conference,C,conference,计算机网络,computer network
14,Networking,IFIP International Conferences on Networking,C,conference,计算机网络,computer network
15,IM,IFIP/IEEE International Symposium on Integrated Network Management,C,conference,计算机网络,computer network
16,MSN,International Conference on Mobile Ad-hoc and Sensor Networks,C,conference,计算机网络,computer network
17,MSWiM,"International Conference on Modeling, Analysis and Simulation of Wireless and Mobile Systems",C,conference,计算机网络,computer network
18,WASA,"International Conference on Wireless Algorithms, Systems, and Applications",C,conference,计算机网络,computer network
19,HotNets,The Workshop on Hot Topics in Networks,C,conference,计算机网络,computer network
20,APNet,Asia-Pacific Workshop on Networking,C,conference,计算机网络,computer network
1,CCS,ACM Conference on Computer and Communications Security,A,conference,网络与信息安全,Network and Information Security
2,EUROCRYPT,European Cryptology Conference,A,conference,网络与信息安全,Network and Information Security
3,S&P,IEEE Symposium on Security and Privacy,A,conference,网络与信息安全,Network and Information Security
4,CRYPTO,International Cryptology Conference,A,conference,网络与信息安全,Network and Information Security
5,USENIX Security,Usenix Security Symposium,A,conference,网络与信息安全,Network and Information Security
6,NDSS,ISOC Network and Distributed System Security Symposium,A,conference,网络与信息安全,Network and Information Security
1,ACSAC,Annual Computer Security Applications Conference,B,conference,网络与信息安全,Network and Information Security
2,ASIACRYPT,Annual International Conference on the Theory and Application of Cryptology and Information Security,B,conference,网络与信息安全,Network and Information Security
3,ESORICS,European Symposium on Research in Computer Security,B,conference,网络与信息安全,Network and Information Security
4,FSE,Fast Software Encryption,B,conference,网络与信息安全,Network and Information Security
5,CSFW,IEEE Computer Security Foundations Workshop,B,conference,网络与信息安全,Network and Information Security
6,SRDS,IEEE International Symposium on Reliable Distributed Systems,B,conference,网络与信息安全,Network and Information Security
7,CHES,International Conference on Cryptographic Hardware and Embedded Systems,B,conference,网络与信息安全,Network and Information Security
8,DSN,International Conference on Dependable Systems and Networks,B,conference,网络与信息安全,Network and Information Security
9,RAID,International Symposium on Recent Advances in Intrusion Detection,B,conference,网络与信息安全,Network and Information Security
10,PKC,International Workshop on Practice and Theory in Public Key Cryptography,B,conference,网络与信息安全,Network and Information Security
11,TCC,Theory of Cryptography Conference,B,conference,网络与信息安全,Network and Information Security
1,WiSec,ACM Conference on Security and Privacy in Wireless and Mobile Networks,C,conference,网络与信息安全,Network and Information Security
2,SACMAT,ACM Symposium on Access Control Models and Technologies,C,conference,网络与信息安全,Network and Information Security
3,DRM,ACM Workshop on Digital Rights Management,C,conference,网络与信息安全,Network and Information Security
4,IH&MMSec,ACM Workshop on Information Hiding and Multimedia Security,C,conference,网络与信息安全,Network and Information Security
5,ACNS,Applied Cryptography and Network Security,C,conference,网络与信息安全,Network and Information Security
6,AsiaCCS,Asia Conference on Computer and Communications Security,C,conference,网络与信息安全,Network and Information Security
7,ACISP,Australasia Conference on Information Security and Privacy,C,conference,网络与信息安全,Network and Information Security
8,CT-RSA,Cryptographer’s Track at RSA Conference,C,conference,网络与信息安全,Network and Information Security
9,DIMVA,Detection of Intrusions and Malware & Vulnerability Assessment,C,conference,网络与信息安全,Network and Information Security
10,DFRWS,Digital Forensic Research Workshop,C,conference,网络与信息安全,Network and Information Security
11,FC,Financial Cryptography and Data Security,C,conference,网络与信息安全,Network and Information Security
12,TrustCom,"IEEE International Conference on Trust, Security and Privacy in Computing and Communications",C,conference,网络与信息安全,Network and Information Security
13,SEC,IFIP International Information Security Conference,C,conference,网络与信息安全,Network and Information Security
14,IFIP WG 11.9,IFIP WG 11.9 International Conference on Digital Forensics,C,conference,网络与信息安全,Network and Information Security
15,ISC,Information Security Conference,C,conference,网络与信息安全,Network and Information Security
16,ICDF2C,International Conference on Digital Forensics & Cyber Crime,C,conference,网络与信息安全,Network and Information Security
17,ICICS,International Conference on Information and Communications Security,C,conference,网络与信息安全,Network and Information Security
18,SecureComm,International Conference on Security and Privacy in Communication Networks,C,conference,网络与信息安全,Network and Information Security
19,NSPW,New Security Paradigms Workshop,C,conference,网络与信息安全,Network and Information Security
20,PAM,Passive and Active Measurement Conference,C,conference,网络与信息安全,Network and Information Security
21,PETS,Privacy Enhancing Technologies Symposium,C,conference,网络与信息安全,Network and Information Security
22,SAC,Selected Areas in Cryptography,C,conference,网络与信息安全,Network and Information Security
23,SOUPS,Symposium On Usable Privacy and Security,C,conference,网络与信息安全,Network and Information Security
24,HotSec,USENIX Workshop on Hot Topics in Security,C,conference,网络与信息安全,Network and Information Security
25,EuroS&P,IEEE European Symposium on Security and Privacy,C,conference,网络与信息安全,Network and Information Security
26,Inscrypt,International Conference on Information Security and Cryptology,C,conference,网络与信息安全,Network and Information Security
1,PLDI,ACM SIGPLAN Conference on Programming Language Design & Implementation,A,conference,软件工程/系统软件/程序设计语言,Software Engineering/System Software/Programming Languages
2,POPL,ACM SIGPLAN-SIGACT Symposium on Principles of Programming Languages,A,conference,软件工程/系统软件/程序设计语言,Software Engineering/System Software/Programming Languages
3,FSE/ESEC,ACM SIGSOFT Symposium on the Foundation of Software Engineering/ European Software Engineering Conference,A,conference,软件工程/系统软件/程序设计语言,Software Engineering/System Software/Programming Languages
4,SOSP,ACM Symposium on Operating Systems Principles,A,conference,软件工程/系统软件/程序设计语言,Software Engineering/System Software/Programming Languages
5,OOPSLA,"Conference on Object-Oriented Programming Systems, Languages, and Applications",A,conference,软件工程/系统软件/程序设计语言,Software Engineering/System Software/Programming Languages
6,ASE,International Conference on Automated Software Engineering,A,conference,软件工程/系统软件/程序设计语言,Software Engineering/System Software/Programming Languages
7,ICSE,International Conference on Software Engineering,A,conference,软件工程/系统软件/程序设计语言,Software Engineering/System Software/Programming Languages
8,ISSTA,International Symposium on Software Testing and Analysis,A,conference,软件工程/系统软件/程序设计语言,Software Engineering/System Software/Programming Languages
9,OSDI,USENIX Symposium on Operating Systems Design and Implementations,A,conference,软件工程/系统软件/程序设计语言,Software Engineering/System Software/Programming Languages
10,FM,International Symposium on Formal Methods,A,conference,软件工程/系统软件/程序设计语言,Software Engineering/System Software/Programming Languages
1,ECOOP,European Conference on Object-Oriented Programming,B,conference,软件工程/系统软件/程序设计语言,Software Engineering/System Software/Programming Languages
2,ETAPS,European Joint Conferences on Theory and Practice of Software,B,conference,软件工程/系统软件/程序设计语言,Software Engineering/System Software/Programming Languages
3,ICPC,IEEE International Conference on Program Comprehension,B,conference,软件工程/系统软件/程序设计语言,Software Engineering/System Software/Programming Languages
4,RE,IEEE International Requirement Engineering Conference,B,conference,软件工程/系统软件/程序设计语言,Software Engineering/System Software/Programming Languages
5,CAiSE,International Conference on Advanced Information Systems Engineering,B,conference,软件工程/系统软件/程序设计语言,Software Engineering/System Software/Programming Languages
6,ICFP,International Conference on Function Programming,B,conference,软件工程/系统软件/程序设计语言,Software Engineering/System Software/Programming Languages
7,LCTES,"International Conference on Languages, Compilers and Tools for Embedded Systems",B,conference,软件工程/系统软件/程序设计语言,Software Engineering/System Software/Programming Languages
8,MoDELS,International Conference on Model Driven Engineering Languages and Systems,B,conference,软件工程/系统软件/程序设计语言,Software Engineering/System Software/Programming Languages
9,CP,International Conference on Principles and Practice of Constraint Programming,B,conference,软件工程/系统软件/程序设计语言,Software Engineering/System Software/Programming Languages
10,ICSOC,International Conference on Service Oriented Computing,B,conference,软件工程/系统软件/程序设计语言,Software Engineering/System Software/Programming Languages
11,SANER,"International Conference on Software Analysis, Evolution, and Reengineering",B,conference,软件工程/系统软件/程序设计语言,Software Engineering/System Software/Programming Languages
12,ICSME,International Conference on Software Maintenance and Evolution,B,conference,软件工程/系统软件/程序设计语言,Software Engineering/System Software/Programming Languages
13,VMCAI,"International Conference on Verification, Model Checking, and Abstract Interpretation",B,conference,软件工程/系统软件/程序设计语言,Software Engineering/System Software/Programming Languages
14,ICWS,International Conference on Web Services （Research Track）,B,conference,软件工程/系统软件/程序设计语言,Software Engineering/System Software/Programming Languages
15,Middleware,International Middleware Conference,B,conference,软件工程/系统软件/程序设计语言,Software Engineering/System Software/Programming Languages
16,SAS,International Static Analysis Symposium,B,conference,软件工程/系统软件/程序设计语言,Software Engineering/System Software/Programming Languages
17,ESEM,International Symposium on Empirical Software Engineering and Measurement,B,conference,软件工程/系统软件/程序设计语言,Software Engineering/System Software/Programming Languages
18,ISSRE,International Symposium on Software Reliability Engineering,B,conference,软件工程/系统软件/程序设计语言,Software Engineering/System Software/Programming Languages
19,HotOS,USENIX Workshop on Hot Topics in Operating Systems,B,conference,软件工程/系统软件/程序设计语言,Software Engineering/System Software/Programming Languages
1,PEPM,ACM SIGPLAN Workshop on Partial Evaluation and Program Manipulation,C,conference,软件工程/系统软件/程序设计语言,Software Engineering/System Software/Programming Languages
2,PASTE,ACMSIGPLAN-SIGSOFT Workshop on Program Analysis for Software Tools and Engineering,C,conference,软件工程/系统软件/程序设计语言,Software Engineering/System Software/Programming Languages
3,APLAS,Asian Symposium on Programming Languages and Systems,C,conference,软件工程/系统软件/程序设计语言,Software Engineering/System Software/Programming Languages
4,APSEC,Asia-Pacific Software Engineering Conference,C,conference,软件工程/系统软件/程序设计语言,Software Engineering/System Software/Programming Languages
5,EASE,Evaluation and Assessment in Software Engineering,C,conference,软件工程/系统软件/程序设计语言,Software Engineering/System Software/Programming Languages
6,ICECCS,IEEE International Conference on Engineering of Complex Computer Systems,C,conference,软件工程/系统软件/程序设计语言,Software Engineering/System Software/Programming Languages
7,ICST,"IEEE International Conference on Software Testing, Verification and Validation",C,conference,软件工程/系统软件/程序设计语言,Software Engineering/System Software/Programming Languages
8,ISPASS,IEEE International Symposium on Performance Analysis of Systems and Software,C,conference,软件工程/系统软件/程序设计语言,Software Engineering/System Software/Programming Languages
9,SCAM,IEEE International Working Conference on Source Code Analysis and Manipulation,C,conference,软件工程/系统软件/程序设计语言,Software Engineering/System Software/Programming Languages
10,COMPSAC,International Computer Software and Applications Conference,C,conference,软件工程/系统软件/程序设计语言,Software Engineering/System Software/Programming Languages
11,ICFEM,International Conference on Formal Engineering Methods,C,conference,软件工程/系统软件/程序设计语言,Software Engineering/System Software/Programming Languages
12,TOOLS,"International Conference on Objects, Models, Components, Patterns",C,conference,软件工程/系统软件/程序设计语言,Software Engineering/System Software/Programming Languages
13,QSIC,International Conference on Quality Software,C,conference,软件工程/系统软件/程序设计语言,Software Engineering/System Software/Programming Languages
14,SCC,International Conference on Service Computing,C,conference,软件工程/系统软件/程序设计语言,Software Engineering/System Software/Programming Languages
15,ICSSP,International Conference on Software and System Process,C,conference,软件工程/系统软件/程序设计语言,Software Engineering/System Software/Programming Languages
16,SEKE,International Conference on Software Engineering and Knowledge Engineering,C,conference,软件工程/系统软件/程序设计语言,Software Engineering/System Software/Programming Languages
17,ICSR,International Conference on Software Reuse,C,conference,软件工程/系统软件/程序设计语言,Software Engineering/System Software/Programming Languages
18,ICWE,International Conference on Web Engineering,C,conference,软件工程/系统软件/程序设计语言,Software Engineering/System Software/Programming Languages
19,SPIN,International SPIN Workshop on Model Checking Software,C,conference,软件工程/系统软件/程序设计语言,Software Engineering/System Software/Programming Languages
20,ATVA,International Symposium on Automated Technology for Verification and Analysis,C,conference,软件工程/系统软件/程序设计语言,Software Engineering/System Software/Programming Languages
21,LOPSTR,International Symposium on Logic-based Program Synthesis and Transformation,C,conference,软件工程/系统软件/程序设计语言,Software Engineering/System Software/Programming Languages
22,TASE,International Symposium on Theoretical Aspects of Software Engineering,C,conference,软件工程/系统软件/程序设计语言,Software Engineering/System Software/Programming Languages
23,MSR,Mining Software Repositories,C,conference,软件工程/系统软件/程序设计语言,Software Engineering/System Software/Programming Languages
24,REFSQ,Requirements Engineering: Foundation for Software Quality,C,conference,软件工程/系统软件/程序设计语言,Software Engineering/System Software/Programming Languages
25,WICSA,Working IEEE/IFIP Conference on Software Architecture,C,conference,软件工程/系统软件/程序设计语言,Software Engineering/System Software/Programming Languages
26,Internetware,Asia-Pacific Symposium on Internetware,C,conference,软件工程/系统软件/程序设计语言,Software Engineering/System Software/Programming Languages
27,RV,International Conference on Runtime Verification,C,conference,软件工程/系统软件/程序设计语言,Software Engineering/System Software/Programming Languages
1,SIGMOD,ACM Conference on Management of Data,A,conference,数据库/数据挖掘/内容检索,Database/data mining/content retrieval
2,SIGKDD,ACM Knowledge Discovery and Data Mining,A,conference,数据库/数据挖掘/内容检索,Database/data mining/content retrieval
3,ICDE,IEEE International Conference on Data Engineering,A,conference,数据库/数据挖掘/内容检索,Database/data mining/content retrieval
4,SIGIR,International Conference on Research on Development in Information Retrieval,A,conference,数据库/数据挖掘/内容检索,Database/data mining/content retrieval
5,VLDB,International Conference on Very Large Data Bases,A,conference,数据库/数据挖掘/内容检索,Database/data mining/content retrieval
1,CIKM,ACM International Conference on Information and Knowledge Management,B,conference,数据库/数据挖掘/内容检索,Database/data mining/content retrieval
2,WSDM,ACM International Conference on Web Search and Data Mining,B,conference,数据库/数据挖掘/内容检索,Database/data mining/content retrieval
3,PODS,ACM Symposium on Principles of Database Systems,B,conference,数据库/数据挖掘/内容检索,Database/data mining/content retrieval
4,DASFAA,Database Systems for Advanced Applications,B,conference,数据库/数据挖掘/内容检索,Database/data mining/content retrieval
5,ECML-PKDD,European Conference on Machine Learning and Principles and Practice of Knowledge Discovery in Databases,B,conference,数据库/数据挖掘/内容检索,Database/data mining/content retrieval
6,ISWC,IEEE International Semantic Web Conference,B,conference,数据库/数据挖掘/内容检索,Database/data mining/content retrieval
7,ICDM,International Conference on Data Mining,B,conference,数据库/数据挖掘/内容检索,Database/data mining/content retrieval
8,ICDT,International Conference on Database Theory,B,conference,数据库/数据挖掘/内容检索,Database/data mining/content retrieval
9,EDBT,International Conference on Extending DB Technology,B,conference,数据库/数据挖掘/内容检索,Database/data mining/content retrieval
10,CIDR,International Conference on Innovative Data Systems Research,B,conference,数据库/数据挖掘/内容检索,Database/data mining/content retrieval
11,SDM,SIAM International Conference on Data Mining,B,conference,数据库/数据挖掘/内容检索,Database/data mining/content retrieval
12,RecSys,ACM Conference on Recommender Systems,B,conference,数据库/数据挖掘/内容检索,Database/data mining/content retrieval
1,APWeb,Asia Pacific Web Conference,C,conference,数据库/数据挖掘/内容检索,Database/data mining/content retrieval
2,DEXA,Database and Expert System Applications,C,conference,数据库/数据挖掘/内容检索,Database/data mining/content retrieval
3,ECIR,European Conference on IR Research,C,conference,数据库/数据挖掘/内容检索,Database/data mining/content retrieval
4,ESWC,Extended Semantic Web Conference,C,conference,数据库/数据挖掘/内容检索,Database/data mining/content retrieval
5,WebDB,International ACM Workshop on Web and Databases,C,conference,数据库/数据挖掘/内容检索,Database/data mining/content retrieval
6,ER,International Conference on Conceptual Modeling,C,conference,数据库/数据挖掘/内容检索,Database/data mining/content retrieval
7,MDM,International Conference on Mobile Data Management,C,conference,数据库/数据挖掘/内容检索,Database/data mining/content retrieval
8,SSDBM,International Conference on Scientific and Statistical DB Management,C,conference,数据库/数据挖掘/内容检索,Database/data mining/content retrieval
9,WAIM,International Conference on Web Age Information Management,C,conference,数据库/数据挖掘/内容检索,Database/data mining/content retrieval
10,SSTD,International Symposium on Spatial and Temporal Databases,C,conference,数据库/数据挖掘/内容检索,Database/data mining/content retrieval
11,PAKDD,Pacific-Asia Conference on Knowledge Discovery and Data Mining,C,conference,数据库/数据挖掘/内容检索,Database/data mining/content retrieval
12,WISE,Web Information Systems Engineering,C,conference,数据库/数据挖掘/内容检索,Database/data mining/content retrieval
12,ADMA,International Conference on Advanced Data Mining and Applications,C,conference,数据库/数据挖掘/内容检索,Database/data mining/content retrieval
1,STOC,ACM Symposium on the Theory of Computing,A,conference,计算机科学理论,computer science theory
2,SODA,ACM-SIAM Symposium on Discrete Algorithms,A,conference,计算机科学理论,computer science theory
3,CAV,Computer Aided Verification,A,conference,计算机科学理论,computer science theory
4,FOCS,IEEE Annual Symposium on Foundations of Computer Science,A,conference,计算机科学理论,computer science theory
5,LICS,IEEE Symposium on Logic in Computer Science,A,conference,计算机科学理论,computer science theory
1,SoCG,ACM Symposium on Computational Geometry,B,conference,计算机科学理论,computer science theory
2,ESA,European Symposium on Algorithms,B,conference,计算机科学理论,computer science theory
3,CCC,IEEE Conference on Computational Complexity,B,conference,计算机科学理论,computer science theory
4,ICALP,"International Colloquium on Automata, Languages and Programming",B,conference,计算机科学理论,computer science theory
5,CADE/IJCAR,International Conference on Automated Deduction/International Joint Conference on Automated Reasoning,B,conference,计算机科学理论,computer science theory
6,CONCUR,International Conference on Concurrency Theory,B,conference,计算机科学理论,computer science theory
7,HSCC,International Conference on Hybrid Systems: Computation and Control,B,conference,计算机科学理论,computer science theory
8,SAT,Theory and Applications of Satisfiability Testing,B,conference,计算机科学理论,computer science theory
9,COCOON,International Computing and Combinatorics Conference,B,conference,计算机科学理论,computer science theory
1,CSL,Computer Science Logic,C,conference,计算机科学理论,computer science theory
2,FMCAD,Formal Methods in Computer-Aided Design,C,conference,计算机科学理论,computer science theory
3,FSTTCS,Foundations of Software Technology and Theoretical Computer Science,C,conference,计算机科学理论,computer science theory
4,DSAA,IEEE International Conference on Data Science and Advanced Analytics,C,conference,计算机科学理论,computer science theory
5,ICTAC,International Colloquium on Theoretical Aspects of Computing,C,conference,计算机科学理论,computer science theory
6,IPCO,International Conference on Integer Programming and Combinatorial Optimization,C,conference,计算机科学理论,computer science theory
7,RTA,International Conference on Rewriting Techniques and Applications,C,conference,计算机科学理论,computer science theory
8,ISAAC,International Symposium on Algorithms and Computation,C,conference,计算机科学理论,computer science theory
9,MFCS,Mathematical Foundations of Computer Science,C,conference,计算机科学理论,computer science theory
10,STACS,Symposium on Theoretical Aspects of Computer Science,C,conference,计算机科学理论,computer science theory
11,SETTA,"International Symposium on Dependable Software Engineering: Theories, Tools, and Applications",C,conference,计算机科学理论,computer science theory
1,ACM MM,ACM International Conference on Multimedia,A,conference,计算机图形学与多媒体,Computer Graphics and Multimedia
2,SIGGRAPH,ACM SIGGRAPH Annual Conference,A,conference,计算机图形学与多媒体,Computer Graphics and Multimedia
3,VR,IEEE Virtual Reality,A,conference,计算机图形学与多媒体,Computer Graphics and Multimedia
4,IEEE VIS,IEEE Visualization Conference,A,conference,计算机图形学与多媒体,Computer Graphics and Multimedia
1,ICMR,ACM SIGMM International Conference on Multimedia Retrieval,B,conference,计算机图形学与多媒体,Computer Graphics and Multimedia
2,SI3D,ACM Symposium on Interactive 3D Graphics,B,conference,计算机图形学与多媒体,Computer Graphics and Multimedia
3,SCA,ACM/Eurographics Symposium on Computer Animation,B,conference,计算机图形学与多媒体,Computer Graphics and Multimedia
4,DCC,Data Compression Conference,B,conference,计算机图形学与多媒体,Computer Graphics and Multimedia
5,EG,Eurographics,B,conference,计算机图形学与多媒体,Computer Graphics and Multimedia
6,EuroVis,Eurographics Conference on Visualization,B,conference,计算机图形学与多媒体,Computer Graphics and Multimedia
7,SGP,Eurographics Symposium on Geometry Processing,B,conference,计算机图形学与多媒体,Computer Graphics and Multimedia
8,EGSR,Eurographics Symposium on Rendering,B,conference,计算机图形学与多媒体,Computer Graphics and Multimedia
9,ICASSP,"IEEE International Conference on Acoustics, Speech and SP",B,conference,计算机图形学与多媒体,Computer Graphics and Multimedia
10,ICME,IEEE International Conference on Multimedia & Expo,B,conference,计算机图形学与多媒体,Computer Graphics and Multimedia
11,ISMAR,International Symposium on Mixed and Augmented Reality,B,conference,计算机图形学与多媒体,Computer Graphics and Multimedia
12,PG,Pacific Graphics: The Pacific Conference on Computer Graphics and Applications,B,conference,计算机图形学与多媒体,Computer Graphics and Multimedia
13,SPM,Symposium on Solid and Physical Modeling,B,conference,计算机图形学与多媒体,Computer Graphics and Multimedia
1,,ACM Symposium on Virtual Reality Software and Technology,C,conference,计算机图形学与多媒体,Computer Graphics and Multimedia
2,CASA,Computer Animation and Social Agents,C,conference,计算机图形学与多媒体,Computer Graphics and Multimedia
3,CGI,Computer Graphics International,C,conference,计算机图形学与多媒体,Computer Graphics and Multimedia
4,INTERSPEECH,Conference of the International Speech Communication Association,C,conference,计算机图形学与多媒体,Computer Graphics and Multimedia
5,GMP,Geometric Modeling and Processing,C,conference,计算机图形学与多媒体,Computer Graphics and Multimedia
6,PacificVis,IEEE Pacific Visualization Symposium,C,conference,计算机图形学与多媒体,Computer Graphics and Multimedia
7,3DV,International Conference on 3D Vision,C,conference,计算机图形学与多媒体,Computer Graphics and Multimedia
8,CAD/Graphics,International Conference on Computer-Aided Design and Computer Graphics,C,conference,计算机图形学与多媒体,Computer Graphics and Multimedia
9,ICIP,International Conference on Image Processing,C,conference,计算机图形学与多媒体,Computer Graphics and Multimedia
10,MMM,International Conference on Multimedia Modeling,C,conference,计算机图形学与多媒体,Computer Graphics and Multimedia
11,PCM,Pacific-Rim Conference on Multimedia,C,conference,计算机图形学与多媒体,Computer Graphics and Multimedia
12,SMI,Shape Modeling International,C,conference,计算机图形学与多媒体,Computer Graphics and Multimedia
13,ICVRV,International Conference on Virtual Reality and Visualization,C,conference,计算机图形学与多媒体,Computer Graphics and Multimedia
14,CVM,Computational Visual Media,C,conference,计算机图形学与多媒体,Computer Graphics and Multimedia
15,PRCV,Chinese Conference on Pattern Recognition and Computer Vision (中国模式识别与计算机视觉大会),C,conference,计算机图形学与多媒体,Computer Graphics and Multimedia
1,AAAI,AAAI Conference on Artificial Intelligence,A,conference,人工智能,AI
2,NeurIPS,Annual Conference on Neural Information Processing Systems,A,conference,人工智能,AI
3,ACL,Annual Meeting of the Association for Computational Linguistics,A,conference,人工智能,AI
4,CVPR,IEEE Conference on Computer Vision and Pattern Recognition,A,conference,人工智能,AI
5,ICCV,International Conference on Computer Vision,A,conference,人工智能,AI
6,ICML,International Conference on Machine Learning,A,conference,人工智能,AI
7,IJCAI,International Joint Conference on Artificial Intelligence,A,conference,人工智能,AI
1,COLT,Annual Conference on Computational Learning Theory,B,conference,人工智能,AI
2,EMNLP,Conference on Empirical Methods in Natural Language Processing,B,conference,人工智能,AI
3,ECAI,European Conference on Artificial Intelligence,B,conference,人工智能,AI
4,ECCV,European Conference on Computer Vision,B,conference,人工智能,AI
5,ICRA,IEEE International Conference on Robotics and Automation,B,conference,人工智能,AI
6,ICAPS,International Conference on Automated Planning and Scheduling,B,conference,人工智能,AI
7,ICCBR,International Conference on Case-Based Reasoning and Development,B,conference,人工智能,AI
8,COLING,International Conference on Computational Linguistics,B,conference,人工智能,AI
9,KR,International Conference on Principles of Knowledge Representation and Reasoning,B,conference,人工智能,AI
10,UAI,International Conference on Uncertainty in Artificial Intelligence,B,conference,人工智能,AI
11,AAMAS,International Joint Conference on Autonomous Agents and Multi-agent Systems,B,conference,人工智能,AI
12,PPSN,Parallel Problem Solving from Nature,B,conference,人工智能,AI
13,NAACL,The Annual Conference of the North American Chapter of the Association for Computational Linguistics,B,conference,人工智能,AI
1,AISTATS,Artificial Intelligence and Statistics,C,conference,人工智能,AI
2,ACCV,Asian Conference on Computer Vision,C,conference,人工智能,AI
3,ACML,Asian Conference on Machine Learning,C,conference,人工智能,AI
4,BMVC,British Machine Vision Conference,C,conference,人工智能,AI
5,NLPCC,conf.International Conference on Natural Language Processing and Chinese Computing,C,conference,人工智能,AI
6,CoNLL,Conference on Computational Natural Language Learning,C,conference,人工智能,AI
7,GECCO,Genetic and Evolutionary Computation Conference,C,conference,人工智能,AI
8,ICTAI,IEEE International Conference on Tools with Artificial Intelligence,C,conference,人工智能,AI
9,IROS,IEEE/RSJ International Conference on Intelligent Robots and Systems,C,conference,人工智能,AI
10,ALT,International Conference on Algorithmic Learning Theory,C,conference,人工智能,AI
11,ICANN,International Conference on Artificial Neural Networks,C,conference,人工智能,AI
12,FG,International Conference on Automatic Face and Gesture Recognition,C,conference,人工智能,AI
13,ICDAR,International Conference on Document Analysis and Recognition,C,conference,人工智能,AI
14,ILP,International Conference on Inductive Logic Programming,C,conference,人工智能,AI
15,KSEM,"International conference on Knowledge Science, Engineering and Management",C,conference,人工智能,AI
16,ICONIP,International Conference on Neural Information Processing,C,conference,人工智能,AI
17,ICPR,International Conference on Pattern Recognition,C,conference,人工智能,AI
18,ICB,International Joint Conference on Biometrics,C,conference,人工智能,AI
19,IJCNN,International Joint Conference on Neural Networks,C,conference,人工智能,AI
20,PRICAI,Pacific Rim International Conference on Artificial Intelligence,C,conference,人工智能,AI
1,CSCW,ACM Conference on Computer Supported Cooperative Work and Social Computing,A,conference,人机交互与普适计算,Human-computer interaction and ubiquitous computing
2,CHI,ACM Conference on Human Factors in Computing Systems,A,conference,人机交互与普适计算,Human-computer interaction and ubiquitous computing
3,UbiComp,ACM International Conference on Ubiquitous Computing,A,conference,人机交互与普适计算,Human-computer interaction and ubiquitous computing
4,UIST,ACM Symposium on User Interface Software and Technology,A,conference,人机交互与普适计算,Human-computer interaction and ubiquitous computing
1,GROUP,ACM Conference on Supporting Group Work,B,conference,人机交互与普适计算,Human-computer interaction and ubiquitous computing
2,IUI,ACM International Conference on Intelligent User Interfaces,B,conference,人机交互与普适计算,Human-computer interaction and ubiquitous computing
3,ITS,ACM International Conference on Interactive Tabletops and Surfaces,B,conference,人机交互与普适计算,Human-computer interaction and ubiquitous computing
4,ECSCW,European Conference on Computer Supported Cooperative Work,B,conference,人机交互与普适计算,Human-computer interaction and ubiquitous computing
5,PERCOM,IEEE International Conference on Pervasive Computing and Communications,B,conference,人机交互与普适计算,Human-computer interaction and ubiquitous computing
6,MobileHCI,International Conference on Human Computer Interaction with Mobile Devices and Services,B,conference,人机交互与普适计算,Human-computer interaction and ubiquitous computing
7,ICWSM,The International AAAI Conference on Web and Social Media,B,conference,人机交互与普适计算,Human-computer interaction and ubiquitous computing
1,DIS,ACM Conference on Designing Interactive Systems,C,conference,人机交互与普适计算,Human-computer interaction and ubiquitous computing
2,ICMI,ACM International Conference on Multimodal Interaction,C,conference,人机交互与普适计算,Human-computer interaction and ubiquitous computing
3,ASSETS,ACM SIGACCESS Conference on Computers and Accessibility,C,conference,人机交互与普适计算,Human-computer interaction and ubiquitous computing
4,GI,Graphics Interface conference,C,conference,人机交互与普适计算,Human-computer interaction and ubiquitous computing
5,UIC,IEEE International Conference on Ubiquitous Intelligence and Computing,C,conference,人机交互与普适计算,Human-computer interaction and ubiquitous computing
6,,IEEE World Haptics Conference,C,conference,人机交互与普适计算,Human-computer interaction and ubiquitous computing
7,INTERACT,IFIP TC13 Conference on Human-Computer Interaction,C,conference,人机交互与普适计算,Human-computer interaction and ubiquitous computing
8,IDC,Interaction Design and Children,C,conference,人机交互与普适计算,Human-computer interaction and ubiquitous computing
9,CollaborateCom,"International Conference on Collaborative Computing: Networking, Applications and Worksharing",C,conference,人机交互与普适计算,Human-computer interaction and ubiquitous computing
10,CSCWD,International Conference on Computer Supported Cooperative Work in Design,C,conference,人机交互与普适计算,Human-computer interaction and ubiquitous computing
11,CoopIS,International Conference on Cooperative Information Systems,C,conference,人机交互与普适计算,Human-computer interaction and ubiquitous computing
12,MobiQuitous,"International Conference on Mobile and Ubiquitous Systems: Computing, Networking and Services",C,conference,人机交互与普适计算,Human-computer interaction and ubiquitous computing
13,AVI,International Working Conference on Advanced Visual Interfaces,C,conference,人机交互与普适计算,Human-computer interaction and ubiquitous computing
1,WWW,International World Wide Web Conferences,A,conference,交叉/综合/新兴,Crossover/Integrated/Emerging
2,RTSS,Real-Time Systems Symposium,A,conference,交叉/综合/新兴,Crossover/Integrated/Emerging
3,WINE,Conference on Web and Internet Economics,A,conference,交叉/综合/新兴,Crossover/Integrated/Emerging
1,CogSci,Cognitive Science Society Annual Conference,B,conference,交叉/综合/新兴,Crossover/Integrated/Emerging
2,BIBM,IEEE International Conference on Bioinformatics and Biomedicine,B,conference,交叉/综合/新兴,Crossover/Integrated/Emerging
3,EMSOFT,International Conference on Embedded Software,B,conference,交叉/综合/新兴,Crossover/Integrated/Emerging
4,ISMB,International conference on Intelligent Systems for Molecular Biology,B,conference,交叉/综合/新兴,Crossover/Integrated/Emerging
5,RECOMB,International Conference on Research in Computational Molecular Biology,B,conference,交叉/综合/新兴,Crossover/Integrated/Emerging
6,MICCAI,International Conference on Medical Image Computing and Computer-Assisted Intervention,B,conference,交叉/综合/新兴,Crossover/Integrated/Emerging
1,AMIA,American Medical Informatics Association Annual Symposium,C,conference,交叉/综合/新兴,Crossover/Integrated/Emerging
2,APBC,Asia Pacific Bioinformatics Conference,C,conference,交叉/综合/新兴,Crossover/Integrated/Emerging
3,,IEEE International Conference on Big Data,C,conference,交叉/综合/新兴,Crossover/Integrated/Emerging
4,,IEEE International Conference on Cloud Computing,C,conference,交叉/综合/新兴,Crossover/Integrated/Emerging
5,SMC,"IEEE International Conference on Systems, Man, and Cybernetics",C,conference,交叉/综合/新兴,Crossover/Integrated/Emerging
6,COSIT,International Conference on Spatial Information Theory,C,conference,交叉/综合/新兴,Crossover/Integrated/Emerging
7,ISBRA,International Symposium on Bioinformatics Research and Applications,C,conference,交叉/综合/新兴,Crossover/Integrated/Emerging
8,SAGT,International Symposium on Algorithmic Game Theory,C,conference,交叉/综合/新兴,Crossover/Integrated/Emerging
9,SIGSPATIAL,ACM Special Interest Group on Spatial Information,C,conference,交叉/综合/新兴,Crossover/Integrated/Emerging
10,ICIC,International Conference on Intelligent Computing,C,conference,交叉/综合/新兴,Crossover/Integrated/Emerging
1,TOCS,ACM Transactions on Computer Systems,A,journal,计算机体系结构/并行与分布计算/存储系统,Computer Architecture/Parallel and Distributed Computing/Storage Systems
2,TOS,ACM Transactions on Storage,A,journal,计算机体系结构/并行与分布计算/存储系统,Computer Architecture/Parallel and Distributed Computing/Storage Systems
3,TCAD,IEEE Transactions on Computer-Aided Design of Integrated Circuits and System,A,journal,计算机体系结构/并行与分布计算/存储系统,Computer Architecture/Parallel and Distributed Computing/Storage Systems
4,TC,IEEE Transactions on Computers,A,journal,计算机体系结构/并行与分布计算/存储系统,Computer Architecture/Parallel and Distributed Computing/Storage Systems
5,TPDS,IEEE Transactions on Parallel and Distributed Systems,A,journal,计算机体系结构/并行与分布计算/存储系统,Computer Architecture/Parallel and Distributed Computing/Storage Systems
6,TACO,ACM Transactions on Architecture and Code Optimization,B,journal,计算机体系结构/并行与分布计算/存储系统,Computer Architecture/Parallel and Distributed Computing/Storage Systems
1,TAAS,ACM Transactions on Autonomous and Adaptive Systems,B,journal,计算机体系结构/并行与分布计算/存储系统,Computer Architecture/Parallel and Distributed Computing/Storage Systems
2,TODAES,ACM Transactions on Design Automation of Electronic Systems,B,journal,计算机体系结构/并行与分布计算/存储系统,Computer Architecture/Parallel and Distributed Computing/Storage Systems
3,TECS,ACM Transactions on Embedded Computing Systems,B,journal,计算机体系结构/并行与分布计算/存储系统,Computer Architecture/Parallel and Distributed Computing/Storage Systems
4,TRETS,ACM Transactions on Reconfigurable Technology and Systems,B,journal,计算机体系结构/并行与分布计算/存储系统,Computer Architecture/Parallel and Distributed Computing/Storage Systems
5,TVLSI,IEEE Transactions on Very Large Scale Integration (VLSI) Systems,B,journal,计算机体系结构/并行与分布计算/存储系统,Computer Architecture/Parallel and Distributed Computing/Storage Systems
6,JPDC,Journal of Parallel and Distributed Computing,B,journal,计算机体系结构/并行与分布计算/存储系统,Computer Architecture/Parallel and Distributed Computing/Storage Systems
7,JSA,Journal of Systems Architecture: Embedded Software Design,B,journal,计算机体系结构/并行与分布计算/存储系统,Computer Architecture/Parallel and Distributed Computing/Storage Systems
8,PARCO,Parallel Computing,B,journal,计算机体系结构/并行与分布计算/存储系统,Computer Architecture/Parallel and Distributed Computing/Storage Systems
9,,Performance Evaluation: An International Journal,B,journal,计算机体系结构/并行与分布计算/存储系统,Computer Architecture/Parallel and Distributed Computing/Storage Systems
1,JETC,ACM Journal on Emerging Technologies in Computing Systems,C,journal,计算机体系结构/并行与分布计算/存储系统,Computer Architecture/Parallel and Distributed Computing/Storage Systems
2,,Concurrency and Computation: Practice and Experience,C,journal,计算机体系结构/并行与分布计算/存储系统,Computer Architecture/Parallel and Distributed Computing/Storage Systems
3,DC,Distributed Computing,C,journal,计算机体系结构/并行与分布计算/存储系统,Computer Architecture/Parallel and Distributed Computing/Storage Systems
4,FGCS,Future Generation Computer Systems,C,journal,计算机体系结构/并行与分布计算/存储系统,Computer Architecture/Parallel and Distributed Computing/Storage Systems
5,TCC,IEEE Transactions on Cloud Computing,C,journal,计算机体系结构/并行与分布计算/存储系统,Computer Architecture/Parallel and Distributed Computing/Storage Systems
6,Integration,"Integration, the VLSI Journal",C,journal,计算机体系结构/并行与分布计算/存储系统,Computer Architecture/Parallel and Distributed Computing/Storage Systems
7,JETTA,Journal of Electronic Testing-Theory and Applications,C,journal,计算机体系结构/并行与分布计算/存储系统,Computer Architecture/Parallel and Distributed Computing/Storage Systems
8,JGC,Journal of Grid computing,C,journal,计算机体系结构/并行与分布计算/存储系统,Computer Architecture/Parallel and Distributed Computing/Storage Systems
9,RTS,Real-Time Systems,C,journal,计算机体系结构/并行与分布计算/存储系统,Computer Architecture/Parallel and Distributed Computing/Storage Systems
10,TJSC,The Journal of Supercomputing,C,journal,计算机体系结构/并行与分布计算/存储系统,Computer Architecture/Parallel and Distributed Computing/Storage Systems
11,TCASI,IEEE Transactions on Circuits and Systems I: Regular Papers,C,journal,计算机体系结构/并行与分布计算/存储系统,Computer Architecture/Parallel and Distributed Computing/Storage Systems
12,CCF-THPC,CCF Transactions on High Performance Computing,C,journal,计算机体系结构/并行与分布计算/存储系统,Computer Architecture/Parallel and Distributed Computing/Storage Systems
13,TSUSC,IEEE Transactions on Sustainable Computing,C,journal,计算机体系结构/并行与分布计算/存储系统,Computer Architecture/Parallel and Distributed Computing/Storage Systems
1,JSAC,IEEE Journal of Selected Areas in Communications,A,journal,计算机网络,computer network
2,TMC,IEEE Transactions on Mobile Computing,A,journal,计算机网络,computer network
3,TON,IEEE/ACM Transactions on Networking,A,journal,计算机网络,computer network
1,TOIT,ACM Transactions on Internet Technology,B,journal,计算机网络,computer network
2,TOMCCAP,"ACM Transactions on Multimedia Computing, Communications and Applications",B,journal,计算机网络,computer network
3,TOSN,ACM Transactions on Sensor Networks,B,journal,计算机网络,computer network
4,CN,Computer Networks,B,journal,计算机网络,computer network
5,TCOM,IEEE Transactions on Communications,B,journal,计算机网络,computer network
6,TWC,IEEE Transactions on Wireless Communications,B,journal,计算机网络,computer network
1,,Ad Hoc Networks,C,journal,计算机网络,computer network
2,CC,Computer Communications,C,journal,计算机网络,computer network
3,TNSM,IEEE Transactions on Network and Service Management,C,journal,计算机网络,computer network
4,,IET Communications,C,journal,计算机网络,computer network
5,JNCA,Journal of Network and Computer Applications,C,journal,计算机网络,computer network
6,MONET,Mobile Networks & Applications,C,journal,计算机网络,computer network
7,,Networks,C,journal,计算机网络,computer network
8,PPNA,Peer-to-Peer Networking and Applications,C,journal,计算机网络,computer network
9,WCMC,Wireless Communications & Mobile Computing,C,journal,计算机网络,computer network
10,,Wireless Networks,C,journal,计算机网络,computer network
11,IOT,IEEE Internet of Things Journal,C,journal,计算机网络,computer network
1,TDSC,IEEE Transactions on Dependable and Secure Computing,A,journal,网络与信息安全,Network and Information Security
2,TIFS,IEEE Transactions on Information Forensics and Security,A,journal,网络与信息安全,Network and Information Security
3,,Journal of Cryptology,A,journal,网络与信息安全,Network and Information Security
1,TISSEC,ACM Transactions on Information and System Security,B,journal,网络与信息安全,Network and Information Security
2,,Computers & Security,B,journal,网络与信息安全,Network and Information Security
3,,"Designs, Codes and Cryptography",B,journal,网络与信息安全,Network and Information Security
4,JCS,Journal of Computer Security,B,journal,网络与信息安全,Network and Information Security
1,CLSR,Computer Law and Security Review,C,journal,网络与信息安全,Network and Information Security
2,,EURASIP Journal on Information Security,C,journal,网络与信息安全,Network and Information Security
3,,IET Information Security,C,journal,网络与信息安全,Network and Information Security
4,IMCS,Information Management & Computer Security,C,journal,网络与信息安全,Network and Information Security
5,IJICS,International Journal of Information and Computer Security,C,journal,网络与信息安全,Network and Information Security
6,IJISP,International Journal of Information Security and Privacy,C,journal,网络与信息安全,Network and Information Security
7,JISA,Journal of Information Security and Application,C,journal,网络与信息安全,Network and Information Security
8,SCN,Security and Communication Networks,C,journal,网络与信息安全,Network and Information Security
9,,Cybersecurity,C,journal,网络与信息安全,Network and Information Security
1,TOPLAS,ACM Transactions on Programming Languages & Systems,A,journal,软件工程/系统软件/程序设计语言,Software Engineering/System Software/Programming Languages
2,TOSEM,ACM Transactions on Software Engineering and Methodology,A,journal,软件工程/系统软件/程序设计语言,Software Engineering/System Software/Programming Languages
3,TSE,IEEE Transactions on Software Engineering,A,journal,软件工程/系统软件/程序设计语言,Software Engineering/System Software/Programming Languages
4,TSC,IEEE Transactions on Service Computing,B,journal,软件工程/系统软件/程序设计语言,Software Engineering/System Software/Programming Languages
1,ASE,Automated Software Engineering,B,journal,软件工程/系统软件/程序设计语言,Software Engineering/System Software/Programming Languages
2,ESE,Empirical Software Engineering,B,journal,软件工程/系统软件/程序设计语言,Software Engineering/System Software/Programming Languages
3,IETS,IET Software,B,journal,软件工程/系统软件/程序设计语言,Software Engineering/System Software/Programming Languages
4,IST,Information and Software Technology,B,journal,软件工程/系统软件/程序设计语言,Software Engineering/System Software/Programming Languages
5,JFP,Journal of Functional Programming,B,journal,软件工程/系统软件/程序设计语言,Software Engineering/System Software/Programming Languages
6,,Journal of Software: Evolution and Process,B,journal,软件工程/系统软件/程序设计语言,Software Engineering/System Software/Programming Languages
7,JSS,Journal of Systems and Software,B,journal,软件工程/系统软件/程序设计语言,Software Engineering/System Software/Programming Languages
8,RE,Requirements Engineering,B,journal,软件工程/系统软件/程序设计语言,Software Engineering/System Software/Programming Languages
9,SCP,Science of Computer Programming,B,journal,软件工程/系统软件/程序设计语言,Software Engineering/System Software/Programming Languages
10,SoSyM,Software and System Modeling,B,journal,软件工程/系统软件/程序设计语言,Software Engineering/System Software/Programming Languages
11,STVR,"Software Testing, Verification and Reliability",B,journal,软件工程/系统软件/程序设计语言,Software Engineering/System Software/Programming Languages
12,SPE,Software: Practice and Experience,B,journal,软件工程/系统软件/程序设计语言,Software Engineering/System Software/Programming Languages
1,CL,"Computer Languages, Systems and Structures",C,journal,软件工程/系统软件/程序设计语言,Software Engineering/System Software/Programming Languages
2,IJSEKE,International Journal on Software Engineering and Knowledge Engineering,C,journal,软件工程/系统软件/程序设计语言,Software Engineering/System Software/Programming Languages
3,STTT,International Journal on Software Tools for Technology Transfer,C,journal,软件工程/系统软件/程序设计语言,Software Engineering/System Software/Programming Languages
4,JLAP,Journal of Logic and Algebraic Programming,C,journal,软件工程/系统软件/程序设计语言,Software Engineering/System Software/Programming Languages
5,JWE,Journal of Web Engineering,C,journal,软件工程/系统软件/程序设计语言,Software Engineering/System Software/Programming Languages
6,SOCA,Service Oriented Computing and Applications,C,journal,软件工程/系统软件/程序设计语言,Software Engineering/System Software/Programming Languages
7,SQJ,Software Quality Journal,C,journal,软件工程/系统软件/程序设计语言,Software Engineering/System Software/Programming Languages
8,TPLP,Theory and Practice of Logic Programming,C,journal,软件工程/系统软件/程序设计语言,Software Engineering/System Software/Programming Languages
8,TPLP,Theory and Practice of Logic Programming,C,journal,软件工程/系统软件/程序设计语言,Software Engineering/System Software/Programming Languages
9,PACM PL,Proceedings of the ACM on Programming Languages,C,journal,软件工程/系统软件/程序设计语言,Software Engineering/System Software/Programming Languages
1,TODS,ACM Transactions on Database Systems,A,journal,数据库/数据挖掘/内容检索,Database/data mining/content retrieval
2,TOIS,ACM Transactions on Information Systems,A,journal,数据库/数据挖掘/内容检索,Database/data mining/content retrieval
3,TKDE,IEEE Transactions on Knowledge and Data Engineering,A,journal,数据库/数据挖掘/内容检索,Database/data mining/content retrieval
4,VLDBJ,The VLDB Journal,A,journal,数据库/数据挖掘/内容检索,Database/data mining/content retrieval
1,TKDD,ACM Transactions on Knowledge Discovery from Data,B,journal,数据库/数据挖掘/内容检索,Database/data mining/content retrieval
2,TWEB,ACM Transactions on the Web,B,journal,数据库/数据挖掘/内容检索,Database/data mining/content retrieval
3,AEI,Advanced Engineering Informatics,B,journal,数据库/数据挖掘/内容检索,Database/data mining/content retrieval
4,DKE,Data and Knowledge Engineering,B,journal,数据库/数据挖掘/内容检索,Database/data mining/content retrieval
5,DMKD,Data Mining and Knowledge Discovery,B,journal,数据库/数据挖掘/内容检索,Database/data mining/content retrieval
6,EJIS,European Journal of Information Systems,B,journal,数据库/数据挖掘/内容检索,Database/data mining/content retrieval
7,,GeoInformatica,B,journal,数据库/数据挖掘/内容检索,Database/data mining/content retrieval
8,IPM,Information Processing and Management,B,journal,数据库/数据挖掘/内容检索,Database/data mining/content retrieval
9,,Information Sciences,B,journal,数据库/数据挖掘/内容检索,Database/data mining/content retrieval
10,IS,Information Systems,B,journal,数据库/数据挖掘/内容检索,Database/data mining/content retrieval
11,JASIST,Journal of the American Society for Information Science and Technology,B,journal,数据库/数据挖掘/内容检索,Database/data mining/content retrieval
12,JWS,Journal of Web Semantics,B,journal,数据库/数据挖掘/内容检索,Database/data mining/content retrieval
13,KAIS,Knowledge and Information Systems,B,journal,数据库/数据挖掘/内容检索,Database/data mining/content retrieval
1,DPD,Distributed and Parallel Databases,C,journal,数据库/数据挖掘/内容检索,Database/data mining/content retrieval
2,I&M,Information and Management,C,journal,数据库/数据挖掘/内容检索,Database/data mining/content retrieval
3,IPL,Information Processing Letters,C,journal,数据库/数据挖掘/内容检索,Database/data mining/content retrieval
4,IR,Information Retrieval Journal,C,journal,数据库/数据挖掘/内容检索,Database/data mining/content retrieval
5,IJCIS,International Journal of Cooperative Information Systems,C,journal,数据库/数据挖掘/内容检索,Database/data mining/content retrieval
6,IJGIS,International Journal of Geographical Information Science,C,journal,数据库/数据挖掘/内容检索,Database/data mining/content retrieval
7,IJIS,International Journal of Intelligent Systems,C,journal,数据库/数据挖掘/内容检索,Database/data mining/content retrieval
8,IJKM,International Journal of Knowledge Management,C,journal,数据库/数据挖掘/内容检索,Database/data mining/content retrieval
9,IJSWIS,International Journal on Semantic Web and Information Systems,C,journal,数据库/数据挖掘/内容检索,Database/data mining/content retrieval
10,JCIS,Journal of Computer Information Systems,C,journal,数据库/数据挖掘/内容检索,Database/data mining/content retrieval
11,JDM,Journal of Database Management,C,journal,数据库/数据挖掘/内容检索,Database/data mining/content retrieval
12,JGITM,Journal of Global Information Technology Management,C,journal,数据库/数据挖掘/内容检索,Database/data mining/content retrieval
13,JIIS,Journal of Intelligent Information Systems,C,journal,数据库/数据挖掘/内容检索,Database/data mining/content retrieval
14,JSIS,Journal of Strategic Information Systems,C,journal,数据库/数据挖掘/内容检索,Database/data mining/content retrieval
15,DSE,Data Science and Engineering,C,journal,数据库/数据挖掘/内容检索,Database/data mining/content retrieval
1,TIT,IEEE Transactions on Information Theory,A,journal,计算机科学理论,computer science theory
2,IANDC,Information and Computation,A,journal,计算机科学理论,computer science theory
3,SICOMP,SIAM Journal on Computing,A,journal,计算机科学理论,computer science theory
1,TALG,ACM Transactions on Algorithms,B,journal,计算机科学理论,computer science theory
2,TOCL,ACM Transactions on Computational Logic,B,journal,计算机科学理论,computer science theory
3,TOMS,ACM Transactions on Mathematical Software,B,journal,计算机科学理论,computer science theory
4,Algorithmica,Algorithmica,B,journal,计算机科学理论,computer science theory
5,CC,Computational Complexity,B,journal,计算机科学理论,computer science theory
6,FAC,Formal Aspects of Computing,B,journal,计算机科学理论,computer science theory
7,FMSD,Formal Methods in System Design,B,journal,计算机科学理论,computer science theory
8,INFORMS,INFORMS Journal on Computing,B,journal,计算机科学理论,computer science theory
9,JCSS,Journal of Computer and System Sciences,B,journal,计算机科学理论,computer science theory
10,JGO,Journal of Global Optimization,B,journal,计算机科学理论,computer science theory
11,JSC,Journal of Symbolic Computation,B,journal,计算机科学理论,computer science theory
12,MSCS,Mathematical Structures in Computer Science,B,journal,计算机科学理论,computer science theory
13,TCS,Theoretical Computer Science,B,journal,计算机科学理论,computer science theory
1,ACTA,Acta Informatica,C,journal,计算机科学理论,computer science theory
2,APAL,Annals of Pure and Applied Logic,C,journal,计算机科学理论,computer science theory
3,DAM,Discrete Applied Mathematics,C,journal,计算机科学理论,computer science theory
4,FUIN,Fundamenta Informaticae,C,journal,计算机科学理论,computer science theory
5,LISP,Higher-Order and Symbolic Computation,C,journal,计算机科学理论,computer science theory
6,IPL,Information Processing Letters,C,journal,计算机科学理论,computer science theory
7,JCOMPLEXITY,Journal of Complexity,C,journal,计算机科学理论,computer science theory
8,LOGCOM,Journal of Logic and Computation,C,journal,计算机科学理论,computer science theory
9,JSL,Journal of Symbolic Logic,C,journal,计算机科学理论,computer science theory
10,LMCS,Logical Methods in Computer Science,C,journal,计算机科学理论,computer science theory
11,SIDMA,SIAM Journal on Discrete Mathematics,C,journal,计算机科学理论,computer science theory
12,,Theory of Computing Systems,C,journal,计算机科学理论,computer science theory
1,TOG,ACM Transactions on Graphics,A,journal,计算机图形学与多媒体,Computer Graphics and Multimedia
2,TIP,IEEE Transactions on Image Processing,A,journal,计算机图形学与多媒体,Computer Graphics and Multimedia
3,TVCG,IEEE Transactions on Visualization and Computer Graphics,A,journal,计算机图形学与多媒体,Computer Graphics and Multimedia
1,TOMCCAP,"ACM Transactions on Multimedia Computing, Communications and Application",B,journal,计算机图形学与多媒体,Computer Graphics and Multimedia
2,CAGD,Computer Aided Geometric Design,B,journal,计算机图形学与多媒体,Computer Graphics and Multimedia
3,CGF,Computer Graphics Forum,B,journal,计算机图形学与多媒体,Computer Graphics and Multimedia
4,CAD,Computer-Aided Design,B,journal,计算机图形学与多媒体,Computer Graphics and Multimedia
5,GM,Graphical Models,B,journal,计算机图形学与多媒体,Computer Graphics and Multimedia
6,TCSVT,IEEE Transactions on Circuits and Systems for Video Technology,B,journal,计算机图形学与多媒体,Computer Graphics and Multimedia
7,TMM,IEEE Transactions on Multimedia,B,journal,计算机图形学与多媒体,Computer Graphics and Multimedia
8,JASA,Journal of The Acoustical Society of America,B,journal,计算机图形学与多媒体,Computer Graphics and Multimedia
9,SIIMS,SIAM Journal on Imaging Sciences,B,journal,计算机图形学与多媒体,Computer Graphics and Multimedia
10,Speech Com,Speech Communication,B,journal,计算机图形学与多媒体,Computer Graphics and Multimedia
1,CGTA,Computational Geometry: Theory and Applications,C,journal,计算机图形学与多媒体,Computer Graphics and Multimedia
2,CAVW,Computer Animation and Virtual Worlds,C,journal,计算机图形学与多媒体,Computer Graphics and Multimedia
3,C&G,Computers & Graphics,C,journal,计算机图形学与多媒体,Computer Graphics and Multimedia
4,DCG,Discrete & Computational Geometry,C,journal,计算机图形学与多媒体,Computer Graphics and Multimedia
5,SPL,IEEE Signal Processing Letters,C,journal,计算机图形学与多媒体,Computer Graphics and Multimedia
6,IET-IPR,IET Image Processing,C,journal,计算机图形学与多媒体,Computer Graphics and Multimedia
7,JVCIR,Journal of Visual Communication and Image Representation,C,journal,计算机图形学与多媒体,Computer Graphics and Multimedia
8,MS,Multimedia Systems,C,journal,计算机图形学与多媒体,Computer Graphics and Multimedia
9,MTA,Multimedia Tools and Applications,C,journal,计算机图形学与多媒体,Computer Graphics and Multimedia
10,,Signal Processing,C,journal,计算机图形学与多媒体,Computer Graphics and Multimedia
11,SPIC,Signal Processing: Image Communication,C,journal,计算机图形学与多媒体,Computer Graphics and Multimedia
12,TVC,The Visual Computer,C,journal,计算机图形学与多媒体,Computer Graphics and Multimedia
13,CVMJ,Computational Visual Media,C,journal,计算机图形学与多媒体,Computer Graphics and Multimedia
1,AI,Artificial Intelligence,A,journal,人工智能,AI
2,TPAMI,IEEE Trans on Pattern Analysis and Machine Intelligence,A,journal,人工智能,AI
3,IJCV,International Journal of Computer Vision,A,journal,人工智能,AI
4,JMLR,Journal of Machine Learning Research,A,journal,人工智能,AI
1,TAP,ACM Transactions on Applied Perception,B,journal,人工智能,AI
2,AAMAS,Autonomous Agents and Multi-Agent Systems,B,journal,人工智能,AI
3,,Computational Linguistics,B,journal,人工智能,AI
4,CVIU,Computer Vision and Image Understanding,B,journal,人工智能,AI
5,DKE,Data and Knowledge Engineering,B,journal,人工智能,AI
6,,Evolutionary Computation,B,journal,人工智能,AI
7,TAC,IEEE Transactions on Affective Computing,B,journal,人工智能,AI
8,TASLP,"IEEE Transactions on Audio, Speech, and Language Processing",B,journal,人工智能,AI
9,,IEEE Transactions on Cybernetics,B,journal,人工智能,AI
10,TEC,IEEE Transactions on Evolutionary Computation,B,journal,人工智能,AI
11,TFS,IEEE Transactions on Fuzzy Systems,B,journal,人工智能,AI
12,TNNLS,IEEE Transactions on Neural Networks and learning systems,B,journal,人工智能,AI
13,IJAR,International Journal of Approximate Reasoning,B,journal,人工智能,AI
14,JAIR,Journal of Artificial Intelligence Research,B,journal,人工智能,AI
15,,Journal of Automated Reasoning,B,journal,人工智能,AI
16,JSLHR,"Journal of Speech, Language, and Hearing Research",B,journal,人工智能,AI
17,,Machine Learning,B,journal,人工智能,AI
18,,Neural Computation,B,journal,人工智能,AI
19,,Neural Networks,B,journal,人工智能,AI
20,PR,Pattern Recognition,B,journal,人工智能,AI
21,TACL,Transactions of the Association for Computational Linguistics,B,journal,人工智能,AI
1,TALIP,ACM Transactions on Asian Language Information Processing,C,journal,人工智能,AI
2,,Applied Intelligence,C,journal,人工智能,AI
3,AIM,Artificial Intelligence in Medicine,C,journal,人工智能,AI
4,,Artificial Life,C,journal,人工智能,AI
5,,Computational Intelligence,C,journal,人工智能,AI
6,,Computer Speech and Language,C,journal,人工智能,AI
7,,Connection Science,C,journal,人工智能,AI
8,DSS,Decision Support Systems,C,journal,人工智能,AI
9,EAAI,Engineering Applications of Artificial Intelligence,C,journal,人工智能,AI
10,,Expert Systems,C,journal,人工智能,AI
11,ESWA,Expert Systems with Applications,C,journal,人工智能,AI
12,,Fuzzy Sets and Systems,C,journal,人工智能,AI
13,TG,IEEE Transactions on Games,C,journal,人工智能,AI
14,IET-CVI,IET Computer Vision,C,journal,人工智能,AI
15,,IET Signal Processing,C,journal,人工智能,AI
16,IVC,Image and Vision Computing,C,journal,人工智能,AI
17,IDA,Intelligent Data Analysis,C,journal,人工智能,AI
18,IJCIA,International Journal of Computational Intelligence and Applications,C,journal,人工智能,AI
19,IJIS,International Journal of Intelligent Systems,C,journal,人工智能,AI
20,IJNS,International Journal of Neural Systems,C,journal,人工智能,AI
21,IJPRAI,International Journal of Pattern Recognition and Artificial Intelligence,C,journal,人工智能,AI
22,IJUFKS,"International Journal of Uncertainty, Fuzziness and Knowledge-Based System",C,journal,人工智能,AI
23,IJDAR,International Journal on Document Analysis and Recognition,C,journal,人工智能,AI
24,JETAI,Journal of Experimental and Theoretical Artificial Intelligence,C,journal,人工智能,AI
25,KBS,Knowledge-Based Systems,C,journal,人工智能,AI
26,,Machine Translation,C,journal,人工智能,AI
27,,Machine Vision and Applications,C,journal,人工智能,AI
28,,Natural Computing,C,journal,人工智能,AI
29,NLE,Natural Language Engineering,C,journal,人工智能,AI
30,NCA,Neural Computing & Applications,C,journal,人工智能,AI
31,NPL,Neural Processing Letters,C,journal,人工智能,AI
32,,Neurocomputing,C,journal,人工智能,AI
33,PAA,Pattern Analysis and Applications,C,journal,人工智能,AI
34,PRL,Pattern Recognition Letters,C,journal,人工智能,AI
35,,Soft Computing,C,journal,人工智能,AI
36,WI,Web Intelligence,C,journal,人工智能,AI
37,TIIS,ACM Transactions on Interactive Intelligent Systems,C,journal,人工智能,AI
1,TOCHI,ACM Transactions on Computer-Human Interaction,A,journal,人机交互与普适计算,Human-computer interaction and ubiquitous computing
2,IJHCS,International Journal of Human Computer Studies,A,journal,人机交互与普适计算,Human-computer interaction and ubiquitous computing
1,CSCW,Computer Supported Cooperative Work,B,journal,人机交互与普适计算,Human-computer interaction and ubiquitous computing
2,HCI,Human Computer Interaction,B,journal,人机交互与普适计算,Human-computer interaction and ubiquitous computing
3,,IEEE Transactions on Human-Machine Systems,B,journal,人机交互与普适计算,Human-computer interaction and ubiquitous computing
4,IWC,Interacting with Computers,B,journal,人机交互与普适计算,Human-computer interaction and ubiquitous computing
5,IJHCI,International Journal of Human-Computer Interaction,B,journal,人机交互与普适计算,Human-computer interaction and ubiquitous computing
6,UMUAI,User Modeling and User-Adapted Interaction,B,journal,人机交互与普适计算,Human-computer interaction and ubiquitous computing
7,TSMC,"IEEE Transactions on Systems, Man, and Cybernetics: Systems",B,journal,人机交互与普适计算,Human-computer interaction and ubiquitous computing
1,BIT,Behaviour & Information Technology,C,journal,人机交互与普适计算,Human-computer interaction and ubiquitous computing
2,PUC,Personal and Ubiquitous Computing,C,journal,人机交互与普适计算,Human-computer interaction and ubiquitous computing
3,PMC,Pervasive and Mobile Computing,C,journal,人机交互与普适计算,Human-computer interaction and ubiquitous computing
4,PACMHCI,Proceedings of the ACM on HumanComputer Interaction,C,journal,人机交互与普适计算,Human-computer interaction and ubiquitous computing
1,JACM,Journal of the ACM,A,journal,交叉/综合/新兴,Crossover/Integrated/Emerging
2,Proc. IEEE,Proceedings of the IEEE,A,journal,交叉/综合/新兴,Crossover/Integrated/Emerging
3,SCIS,Science China Information Sciences,A,journal,交叉/综合/新兴,Crossover/Integrated/Emerging
1,,Bioinformatics,B,journal,交叉/综合/新兴,Crossover/Integrated/Emerging
2,,Briefings in Bioinformatics,B,journal,交叉/综合/新兴,Crossover/Integrated/Emerging
3,Cognition,Cognition：International Journal of Cognitive Science,B,journal,交叉/综合/新兴,Crossover/Integrated/Emerging
4,TASAE,IEEE Transactions on Automation Science and Engineering,B,journal,交叉/综合/新兴,Crossover/Integrated/Emerging
5,TGARS,IEEE Transactions on Geoscience and Remote Sensing,B,journal,交叉/综合/新兴,Crossover/Integrated/Emerging
6,TITS,IEEE Transactions on Intelligent Transportation Systems,B,journal,交叉/综合/新兴,Crossover/Integrated/Emerging
7,TMI,IEEE Transactions on Medical Imaging,B,journal,交叉/综合/新兴,Crossover/Integrated/Emerging
8,TR,IEEE Transactions on Robotics,B,journal,交叉/综合/新兴,Crossover/Integrated/Emerging
9,TCBB,IEEE-ACM Transactions on Computational Biology and Bioinformatics,B,journal,交叉/综合/新兴,Crossover/Integrated/Emerging
10,JCST,Journal of Computer Science and Technology,B,journal,交叉/综合/新兴,Crossover/Integrated/Emerging
11,JAMIA,Journal of the American Medical Informatics Association,B,journal,交叉/综合/新兴,Crossover/Integrated/Emerging
12,,PLOS Computational Biology,B,journal,交叉/综合/新兴,Crossover/Integrated/Emerging
13,,The Computer Journal,B,journal,交叉/综合/新兴,Crossover/Integrated/Emerging
14,WWW,World Wide Web Journal,B,journal,交叉/综合/新兴,Crossover/Integrated/Emerging
15,FCS,Frontiers of Computer Science,C,journal,交叉/综合/新兴,Crossover/Integrated/Emerging
1,,BMC Bioinformatics,C,journal,交叉/综合/新兴,Crossover/Integrated/Emerging
2,,Cybernetics and Systems,C,journal,交叉/综合/新兴,Crossover/Integrated/Emerging
3,,IEEE Geoscience and Remote Sensing Letters,C,journal,交叉/综合/新兴,Crossover/Integrated/Emerging
4,JBHI,IEEE Journal of Biomedical and Health Informatics,C,journal,交叉/综合/新兴,Crossover/Integrated/Emerging
5,TBD,IEEE Transactions on Big Data,C,journal,交叉/综合/新兴,Crossover/Integrated/Emerging
6,,IET Intelligent Transport Systems,C,journal,交叉/综合/新兴,Crossover/Integrated/Emerging
7,JBI,Journal of Biomedical Informatics,C,journal,交叉/综合/新兴,Crossover/Integrated/Emerging
8,,Medical Image Analysis,C,journal,交叉/综合/新兴,Crossover/Integrated/Emerging
9,TII,IEEE Transactions on Industrial Informatics,C,journal,交叉/综合/新兴,Crossover/Integrated/Emerging
10,TCPS,ACM Transactions on Cyber-Physical Systems,C,journal,交叉/综合/新兴,Crossover/Integrated/Emerging
11,TOCE,ACM Transactions on Computing Education,C,journal,交叉/综合/新兴,Crossover/Integrated/Emerging
12,FITEE,Frontiers of Information Technology & Electronic Engineering,C,journal,交叉/综合/新兴,Crossover/Integrated/Emerging
13,TCSS,IEEE Transactions on Computational Social Systems,C,journal,交叉/综合/新兴,Crossover/Integrated/Emerging
14,,IEEE Transactions on Reliability,C,journal,交叉/综合/新兴,Crossover/Integrated/Emerging
